{"schemaVersion":"1.0","appDefinitionTemplate":{"id":"/providers/Microsoft.PowerApps/apps/","type":"Microsoft.PowerApps/apps","tags":{"minimumRequiredApiVersion":"2.2.0","primaryDeviceWidth":"640","primaryDeviceHeight":"1136","sienaVersion":"20221228T102658Z-3.22122.15.0","deviceCapabilities":"","supportsPortrait":"true","supportsLandscape":"false","primaryFormFactor":"Phone","publisherVersion":"3.22122.15","hasComponent":"false","hasUnlockedComponent":"false","isUnifiedRootApp":"false"},"properties":{"appVersion":"2022-12-28T10:26:58Z","lifeCycleId":"Published","createdByClientVersion":{"major":3,"minor":22122,"build":15,"revision":0,"majorRevision":0,"minorRevision":0},"minClientVersion":{"major":3,"minor":22122,"build":15,"revision":0,"majorRevision":0,"minorRevision":0},"backgroundColor":"rgba(158, 11, 15, 1)","backgroundImageUri":"/2221735494614393476/N19f4a149-1ba0-42d7-a602-6b3fdd717135-logoSmallFile","displayName":"Help Desk Tickets_2","description":"Help Desk provides a user-friendly experience to connect end users with support professionals. Quickly find answers to your most important questions, track progress of open tickets, and review details of previous requests. This app requires a small amount of setup to make it your own.","commitMessage":"","appUris":{"documentUri":{"value":"/2221735494614393476/Nb7ec12d0-3d13-476f-a1c0-ae287616965a-document.msapp"},"imageUris":[],"additionalUris":[]},"createdTime":"0001-01-01T00:00:00Z","lastModifiedTime":"0001-01-01T00:00:00Z","sharedGroupsCount":0,"sharedUsersCount":0,"icons":{"smallIconUri":"/2221735494614393476/N361f20b0-a825-411b-9e54-a13111171ede-small.png","mediumIconUri":"/2221735494614393476/N4b1a346f-5804-43b8-a60d-b9b937243b50-medium.png","largeIconUri":"/2221735494614393476/N483e09d0-d087-4dcc-be2b-cc38228b24e0-large.png","wideIconUri":"/2221735494614393476/N7ac46788-43bd-4d4b-ac36-03c243105851-wide.png"},"connectionReferences":{"8ff6634c-839b-45a2-8fb7-3985c901d885":{"id":"bef579f0-a41b-4efe-99f8-3ce85fb68fe3","displayName":"Logic flows","iconUri":"https://connectoricons-prod.azureedge.net/releases/v1.0.1534/1.0.1534.2605/logicflows/icon.png","dataSources":["HelpDeskFlow"],"dependencies":["bd05e11a-c6ca-4ee6-9f40-9858dd96c299","f2e2712d-4407-4e1b-b4ce-89f4d9986e62"],"dependents":[],"parameterHints":{"workflowName":{"value":"974186a3-c986-4a14-a128-5ae1e62af231"},"bd05e11a-c6ca-4ee6-9f40-9858dd96c299":{"value":"shared_sharepointonline"},"f2e2712d-4407-4e1b-b4ce-89f4d9986e62":{"value":"shared_office365"}},"parameterHintsV2":{"shared_sharepointonline":{"value":"bd05e11a-c6ca-4ee6-9f40-9858dd96c299"},"shared_office365":{"value":"f2e2712d-4407-4e1b-b4ce-89f4d9986e62"}},"isOnPremiseConnection":false,"bypassConsent":false,"dataSets":{},"apiTier":"Standard","isCustomApiConnection":false,"actions":["Run"]},"bd05e11a-c6ca-4ee6-9f40-9858dd96c299":{"id":"4ef7931a-3afc-42a2-a3ac-a4e92ff37a94","displayName":"SharePoint","iconUri":"https://connectoricons-prod.azureedge.net/u/juanq/gateway/greyhound/3000.150.11/1.0.1613.3116/sharepointonline/icon.png","dataSources":["HelpDesk"],"dependencies":[],"dependents":["8ff6634c-839b-45a2-8fb7-3985c901d885"],"parameterHints":{},"parameterHintsV2":{},"isOnPremiseConnection":false,"bypassConsent":false,"dataSets":{"https://bahcesehir-my.sharepoint.com/personal/onur_ozkinaci_bahcesehir_edu_tr":{"dataSources":{"HelpDesk":{"tableName":"2b6fd04c-0b6f-4022-aab9-d7e30accb762"}}}},"apiTier":"Standard","isCustomApiConnection":false,"actions":["providers/PowerPlatform.Governance/Operations/Read","providers/PowerPlatform.Governance/Operations/Write","providers/PowerPlatform.Governance/Operations/Delete"]},"f2e2712d-4407-4e1b-b4ce-89f4d9986e62":{"id":"e1dbab69-cb46-487a-9a74-1a6c182c4a2c","displayName":"Office 365 Outlook","iconUri":"https://connectoricons-prod.azureedge.net/releases/v1.0.1613/1.0.1613.3125/office365/icon.png","dataSources":[],"dependencies":[],"dependents":["8ff6634c-839b-45a2-8fb7-3985c901d885"],"parameterHints":{},"parameterHintsV2":{},"isOnPremiseConnection":false,"bypassConsent":false,"dataSets":{},"apiTier":"Standard","isCustomApiConnection":false},"b0105553-8f24-43e0-b84f-a19e53d15bc2":{"id":"5a06f096-0d48-403c-89c4-45d3f909dd84","displayName":"Office 365 Users","iconUri":"https://connectoricons-prod.azureedge.net/releases/v1.0.1611/1.0.1611.3104/office365users/icon.png","dataSources":["Office365Users"],"dependencies":[],"dependents":[],"parameterHints":{},"parameterHintsV2":{},"isOnPremiseConnection":false,"bypassConsent":false,"dataSets":{},"apiTier":"Standard","isCustomApiConnection":false,"actions":["MyProfile"]}},"databaseReferences":{},"almMode":"Environment","performanceOptimizationEnabled":true,"canConsumeAppPass":true,"enableModernRuntimeMode":false,"executionRestrictions":{"isTeamsOnly":false,"dataLossPreventionEvaluationResult":{"status":"Compliant","lastEvaluationDate":"2022-12-28T10:10:13.2146746Z","violations":[],"violationsByPolicy":[],"violationErrorMessage":"The app uses the following connectors: shared_logicflows, shared_sharepointonline, shared_office365, shared_office365users."},"httpActionRestriction":{"appUsesSharepointHttpAction":false,"enforcementStrategy":"Legacy","evaluationTime":"2022-12-28T10:10:13.2146271Z"}}},"appType":"ClassicCanvasApp","appComponents":[]}}